{"cameraMode":{"drawMode":0,"name":"Shaded","section":"Shading Mode"},"sceneLighting":false,"audioPlay":false,"sceneViewState":{"showFog":true,"showMaterialUpdate":true,"showSkybox":false,"showFlares":true,"showImageEffects":true,"showParticleSystems":true},"in2DMode":false,"pivot":{"x":-0.00471846666187048,"y":-0.046045124530792239,"z":0.00040221400558948517},"rotation":{"x":0.12148983776569367,"y":-0.6507220268249512,"z":0.10655546188354492,"w":0.7419219613075256},"size":0.08385920524597168,"orthographic":false}