{"cameraMode":{"drawMode":0,"name":"Shaded","section":"Shading Mode"},"sceneLighting":true,"audioPlay":false,"sceneViewState":{"showFog":true,"showMaterialUpdate":true,"showSkybox":true,"showFlares":true,"showImageEffects":true,"showParticleSystems":true},"in2DMode":false,"pivot":{"x":13.626480102539063,"y":17.89324951171875,"z":-23.026546478271486},"rotation":{"x":0.23650813102722169,"y":0.436747670173645,"z":-0.12016848474740982,"w":0.8595807552337647},"size":29.796306610107423,"orthographic":false}