{"cameraMode":{"drawMode":0,"name":"Shaded","section":"Shading Mode"},"sceneLighting":false,"audioPlay":false,"sceneViewState":{"showFog":true,"showMaterialUpdate":true,"showSkybox":false,"showFlares":true,"showImageEffects":true,"showParticleSystems":true},"in2DMode":false,"pivot":{"x":-0.12525200843811036,"y":0.0007227659225463867,"z":-0.37294572591781618},"rotation":{"x":-0.10344738513231278,"y":-0.8542526960372925,"z":0.1863771229982376,"w":-0.4741487205028534},"size":0.8660253882408142,"orthographic":false}